player_id,first_name,last_name,name,last_season,current_club_id,player_code,country_of_birth,city_of_birth,country_of_citizenship,date_of_birth,sub_position,position,foot,height_in_cm,contract_expiration_date,agent_name,image_url,international_caps,international_goals,current_national_team_id,url,current_club_domestic_competition_id,current_club_name,market_value_in_eur,highest_market_value_in_eur
10,Miroslav,Klose,Miroslav Klose,2015,398,miroslav-klose,Poland,Opole,Germany,1978-06-09 00:00:00,Centre-Forward,Attack,right,184.0,,ASBW Sport Marketing,https://img.a.transfermarkt.technology/portrait/header/10-1448468291.jpg?lm=1,,,,https://www.transfermarkt.co.uk/miroslav-klose/profil/spieler/10,IT1,Società Sportiva Lazio S.p.A.,1000000.0,30000000.0
26,Roman,Weidenfeller,Roman Weidenfeller,2017,16,roman-weidenfeller,Germany,Diez,Germany,1980-08-06 00:00:00,Goalkeeper,Goalkeeper,left,190.0,,Neubauer 13 GmbH,https://img.a.transfermarkt.technology/portrait/header/26-1502448725.jpg?lm=1,,,,https://www.transfermarkt.co.uk/roman-weidenfeller/profil/spieler/26,L1,Borussia Dortmund,750000.0,8000000.0
65,Dimitar,Berbatov,Dimitar Berbatov,2015,1091,dimitar-berbatov,Bulgaria,Blagoevgrad,Bulgaria,1981-01-30 00:00:00,Centre-Forward,Attack,,,,CSKA-AS-23 Ltd.,https://img.a.transfermarkt.technology/portrait/header/65-1683670068.jpg?lm=1,,,,https://www.transfermarkt.co.uk/dimitar-berbatov/profil/spieler/65,GR1,Panthessalonikios Athlitikos Omilos Konstantinoupoliton,1000000.0,34500000.0
77,,Lúcio,Lúcio,2012,506,lucio,Brazil,Brasília,Brazil,1978-05-08 00:00:00,Centre-Back,Defender,,,,,https://img.a.transfermarkt.technology/portrait/header/77-1458201664.jpg?lm=1,,,,https://www.transfermarkt.co.uk/lucio/profil/spieler/77,IT1,Juventus FC,200000.0,24500000.0
80,Tom,Starke,Tom Starke,2017,27,tom-starke,East Germany (GDR),Freital,Germany,1981-03-18 00:00:00,Goalkeeper,Goalkeeper,right,194.0,,IFM,https://img.a.transfermarkt.technology/portrait/header/80-1471439914.JPG?lm=1,,,,https://www.transfermarkt.co.uk/tom-starke/profil/spieler/80,L1,Bayern Munich,100000.0,3000000.0
109,,Dedê,Dedê,2013,825,dede,Brazil,Belo Horizonte,Brazil,1978-04-18 00:00:00,Left-Back,Defender,,,,Football Concept,https://img.a.transfermarkt.technology/portrait/header/109-1487263703.jpg?lm=1,,,,https://www.transfermarkt.co.uk/dede/profil/spieler/109,TR1,Eskisehirspor,400000.0,9500000.0
123,Christoph,Metzelder,Christoph Metzelder,2012,33,christoph-metzelder,Germany,Haltern,Germany,1980-11-05 00:00:00,Centre-Back,Defender,,,,,https://img.a.transfermarkt.technology/portrait/header/s_123_33_2012_1.jpg?lm=1,,,,https://www.transfermarkt.co.uk/christoph-metzelder/profil/spieler/123,L1,FC Schalke 04,1500000.0,9500000.0
132,Tomas,Rosicky,Tomas Rosicky,2015,11,tomas-rosicky,CSSR,Praha,Czech Republic,1980-10-04 00:00:00,Attacking Midfield,Midfield,both,179.0,,,https://img.a.transfermarkt.technology/portrait/header/132-1464947592.jpg?lm=1,,,,https://www.transfermarkt.co.uk/tomas-rosicky/profil/spieler/132,GB1,Arsenal FC,350000.0,17500000.0
162,Marc,Ziegler,Marc Ziegler,2012,79,marc-ziegler,Germany,Blieskastel,Germany,1976-06-13 00:00:00,Goalkeeper,Goalkeeper,right,193.0,,,https://img.a.transfermarkt.technology/portrait/header/s_162_79_2012_1.jpg?lm=1,,,,https://www.transfermarkt.co.uk/marc-ziegler/profil/spieler/162,L1,VfB Stuttgart,200000.0,1250000.0
215,Roque,Santa Cruz,Roque Santa Cruz,2015,1084,roque-santa-cruz,Paraguay,Asunción,Paraguay,1981-08-16 00:00:00,Centre-Forward,Attack,right,193.0,2023-12-31 00:00:00,,https://img.a.transfermarkt.technology/portrait/header/215-1564992591.png?lm=1,,,,https://www.transfermarkt.co.uk/roque-santa-cruz/profil/spieler/215,ES1,Málaga CF,250000.0,12000000.0
258,Gerald,Asamoah,Gerald Asamoah,2013,33,gerald-asamoah,Ghana,Mampong,Germany,1978-10-03 00:00:00,Centre-Forward,Attack,right,180.0,,,https://img.a.transfermarkt.technology/portrait/header/258-1590420180.jpg?lm=1,,,,https://www.transfermarkt.co.uk/gerald-asamoah/profil/spieler/258,L1,FC Schalke 04,100000.0,7000000.0
264,Tamás,Hajnal,Tamás Hajnal,2012,79,tamas-hajnal,Hungary,Esztergom,Hungary,1981-03-15 00:00:00,Attacking Midfield,Midfield,both,167.0,,,https://img.a.transfermarkt.technology/portrait/header/s_264_79_2012_2.jpg?lm=1,,,,https://www.transfermarkt.co.uk/tamas-hajnal/profil/spieler/264,L1,VfB Stuttgart,100000.0,6500000.0
276,Sladan,Peric,Sladan Peric,2013,20100,sladan-peric,,,Denmark,1982-04-15 00:00:00,Centre-Back,Defender,,,,,https://img.a.transfermarkt.technology/portrait/header/276-1637687071.jpg?lm=1,,,,https://www.transfermarkt.co.uk/sladan-peric/profil/spieler/276,DK1,FC Vestsjaelland,200000.0,500000.0
277,Sérgio,da Silva Pinto,Sérgio da Silva Pinto,2013,3368,sergio-da-silva-pinto,Portugal,Vila Nova de Gaia,Germany,1980-10-16 00:00:00,Central Midfield,Midfield,right,176.0,,,https://img.a.transfermarkt.technology/portrait/header/277-1438158926.jpg?lm=1,,,,https://www.transfermarkt.co.uk/sergio-da-silva-pinto/profil/spieler/277,ES1,Levante UD,150000.0,3500000.0
299,Fabian,Ernst,Fabian Ernst,2012,10484,fabian-ernst,Germany,Hannover,Germany,,Defensive Midfield,Midfield,right,183.0,,,https://img.a.transfermarkt.technology/portrait/header/s_299_123_2014_01_10_2.jpg?lm=1,,,,https://www.transfermarkt.co.uk/fabian-ernst/profil/spieler/299,TR1,Kasimpasa,1500000.0,9000000.0
325,Tomas,Ujfalusi,Tomas Ujfalusi,2012,141,tomas-ujfalusi,CSSR,Rýmařov,Czech Republic,1978-03-24 00:00:00,Centre-Back,Defender,,,,,https://img.a.transfermarkt.technology/portrait/header/s_325_141_2012_11_19_1.jpg?lm=1,,,,https://www.transfermarkt.co.uk/tomas-ujfalusi/profil/spieler/325,TR1,Galatasaray,300000.0,12000000.0
332,Benjamin,Köhler,Benjamin Köhler,2012,24,benjamin-kohler,Germany,Berlin,Germany,1980-08-04 00:00:00,Left Midfield,Midfield,,,,,https://img.a.transfermarkt.technology/portrait/header/332-1470298381.jpg?lm=1,,,,https://www.transfermarkt.co.uk/benjamin-kohler/profil/spieler/332,L1,Eintracht Frankfurt,150000.0,2500000.0
410,Sebastian,Kehl,Sebastian Kehl,2014,16,sebastian-kehl,Germany,Fulda,Germany,1980-02-13 00:00:00,Defensive Midfield,Midfield,left,187.0,,,https://img.a.transfermarkt.technology/portrait/header/410-1521112298.jpg?lm=1,,,,https://www.transfermarkt.co.uk/sebastian-kehl/profil/spieler/410,L1,Borussia Dortmund,1000000.0,9000000.0
411,Levan,Kobiashvili,Levan Kobiashvili,2013,44,levan-kobiashvili,UdSSR,Tiflis,Georgia,1977-07-10 00:00:00,Left Midfield,Midfield,left,183.0,,,https://img.a.transfermarkt.technology/portrait/header/411-1590417211.jpg?lm=1,,,,https://www.transfermarkt.co.uk/levan-kobiashvili/profil/spieler/411,L1,Hertha BSC,400000.0,7500000.0
447,Oka,Nikolov,Oka Nikolov,2012,24,oka-nikolov,Germany,Erbach im Odenwald,North Macedonia,1974-05-25 00:00:00,Goalkeeper,Goalkeeper,right,188.0,,PRO Profil GmbH,https://img.a.transfermarkt.technology/portrait/header/447-1493298121.jpg?lm=1,,,,https://www.transfermarkt.co.uk/oka-nikolov/profil/spieler/447,L1,Eintracht Frankfurt,350000.0,2000000.0
488,Gerhard,Tremmel,Gerhard Tremmel,2016,2288,gerhard-tremmel,Germany,München,Germany,1978-11-16 00:00:00,Goalkeeper,Goalkeeper,,,,,https://img.a.transfermarkt.technology/portrait/header/s_488_2288_2013_10_18_1.jpg?lm=1,,,,https://www.transfermarkt.co.uk/gerhard-tremmel/profil/spieler/488,GB1,Swansea City,250000.0,2200000.0
532,Claudio,Pizarro,Claudio Pizarro,2019,86,claudio-pizarro,Peru,Callao,Peru,1978-10-03 00:00:00,Centre-Forward,Attack,right,184.0,,,https://img.a.transfermarkt.technology/portrait/header/532-1535124277.jpg?lm=1,,,,https://www.transfermarkt.co.uk/claudio-pizarro/profil/spieler/532,L1,SV Werder Bremen,400000.0,12000000.0
557,Simon,Jentzsch,Simon Jentzsch,2012,167,simon-jentzsch,Germany,Düsseldorf,Germany,1976-05-04 00:00:00,Goalkeeper,Goalkeeper,right,196.0,,,https://img.a.transfermarkt.technology/portrait/header/557-1578497521.jpg?lm=1,,,,https://www.transfermarkt.co.uk/simon-jentzsch/profil/spieler/557,L1,FC Augsburg,300000.0,4500000.0
568,Martin,Stranzl,Martin Stranzl,2015,18,martin-stranzl,Austria,Güssing,Austria,1980-06-16 00:00:00,Centre-Back,Defender,,,,,https://img.a.transfermarkt.technology/portrait/header/568-1437474557.jpg?lm=1,,,,https://www.transfermarkt.co.uk/martin-stranzl/profil/spieler/568,L1,Borussia Mönchengladbach,1000000.0,4500000.0
597,Aleksandr,Hleb,Aleksandr Hleb,2016,2696,aleksandr-hleb,UdSSR,Minsk,Belarus,1981-05-01 00:00:00,Attacking Midfield,Midfield,,,,fair-sport GmbH,https://img.a.transfermarkt.technology/portrait/header/597-1565344980.png?lm=1,,,,https://www.transfermarkt.co.uk/aleksandr-hleb/profil/spieler/597,RU1,PFK Krylya Sovetov Samara,150000.0,19000000.0
598,Timo,Hildebrand,Timo Hildebrand,2014,24,timo-hildebrand,Germany,Worms,Germany,1979-04-05 00:00:00,Goalkeeper,Goalkeeper,,,,,https://img.a.transfermarkt.technology/portrait/header/598-1540373444.jpg?lm=1,,,,https://www.transfermarkt.co.uk/timo-hildebrand/profil/spieler/598,L1,Eintracht Frankfurt,750000.0,10000000.0
643,Christian,Vander,Christian Vander,2012,86,christian-vander,Germany,Willich,Germany,1980-10-24 00:00:00,Goalkeeper,Goalkeeper,right,195.0,,,https://img.a.transfermarkt.technology/portrait/header/s_643_86_2012_1.jpg?lm=1,,,,https://www.transfermarkt.co.uk/christian-vander/profil/spieler/643,L1,SV Werder Bremen,100000.0,600000.0
670,Martin,Petrov,Martin Petrov,2012,714,martin-petrov,Bulgaria,Vratsa,Bulgaria,1979-01-15 00:00:00,Left Winger,Attack,,,,IFM,https://img.a.transfermarkt.technology/portrait/header/670-1656218742.png?lm=1,,,,https://www.transfermarkt.co.uk/martin-petrov/profil/spieler/670,ES1,RCD Espanyol Barcelona,400000.0,12000000.0
690,Ivan,Klasnic,Ivan Klasnic,2012,39,ivan-klasnic,Germany,Hamburg,Croatia,1980-01-29 00:00:00,Centre-Forward,Attack,,,,,https://img.a.transfermarkt.technology/portrait/header/690-1684327921.jpg?lm=1,,,,https://www.transfermarkt.co.uk/ivan-klasnic/profil/spieler/690,L1,1.FSV Mainz 05,500000.0,12000000.0
691,Simon,Rolfes,Simon Rolfes,2014,15,simon-rolfes,Germany,Ibbenbüren,Germany,1982-01-21 00:00:00,Defensive Midfield,Midfield,left,191.0,,,https://img.a.transfermarkt.technology/portrait/header/691-1408096910.jpg?lm=1,,,,https://www.transfermarkt.co.uk/simon-rolfes/profil/spieler/691,L1,Bayer 04 Leverkusen,2000000.0,9500000.0
735,Giuseppe,Gemiti,Giuseppe Gemiti,2013,1210,giuseppe-gemiti,Germany,Frankfurt am Main,Germany,1981-05-03 00:00:00,Left-Back,Defender,left,178.0,,,https://img.a.transfermarkt.technology/portrait/header/735-1443271233.jpg?lm=1,,,,https://www.transfermarkt.co.uk/giuseppe-gemiti/profil/spieler/735,IT1,US Livorno 1915,75000.0,1250000.0
755,Deniz,Baris,Deniz Baris,2013,589,deniz-baris,Turkey,Erzincan,Turkey,1977-07-02 00:00:00,Centre-Back,Defender,,,,,https://img.a.transfermarkt.technology/portrait/header/default.jpg?lm=1,,,,https://www.transfermarkt.co.uk/deniz-baris/profil/spieler/755,TR1,Antalyaspor,300000.0,2000000.0
773,David,Jarolim,David Jarolim,2012,14171,david-jarolim,CSSR,Čáslav,Czech Republic,1979-05-17 00:00:00,Central Midfield,Midfield,right,174.0,,,https://img.a.transfermarkt.technology/portrait/header/s_773_41_2010_2.jpg?lm=1,,,,https://www.transfermarkt.co.uk/david-jarolim/profil/spieler/773,FR1,Thonon Évian Grand Genève FC,250000.0,8500000.0
823,Hanno,Balitsch,Hanno Balitsch,2013,4,hanno-balitsch,Germany,Darmstadt,Germany,1981-01-02 00:00:00,Defensive Midfield,Midfield,right,182.0,,Siebert & Backs,https://img.a.transfermarkt.technology/portrait/header/s_823_4_2012_5.jpg?lm=1,,,,https://www.transfermarkt.co.uk/hanno-balitsch/profil/spieler/823,L1,1.FC Nuremberg,200000.0,4000000.0
831,Selim,Teber,Selim Teber,2012,1506,selim-teber,Germany,Frankenthal,Germany,1981-03-07 00:00:00,Central Midfield,Midfield,right,187.0,,,https://img.a.transfermarkt.technology/portrait/header/s_831_1506_2012_1.jpg?lm=1,,,,https://www.transfermarkt.co.uk/selim-teber/profil/spieler/831,TR1,Kardemir Karabükspor,175000.0,2500000.0
837,Thorben,Marx,Thorben Marx,2014,18,thorben-marx,Germany,Berlin,Germany,,Defensive Midfield,Midfield,right,184.0,,Neubauer 13 GmbH,https://img.a.transfermarkt.technology/portrait/header/837-1406669543.jpg?lm=1,,,,https://www.transfermarkt.co.uk/thorben-marx/profil/spieler/837,L1,Borussia Mönchengladbach,300000.0,2500000.0
886,Jens,Langeneke,Jens Langeneke,2012,38,jens-langeneke,Germany,Lippstadt,Germany,1977-03-29 00:00:00,Centre-Back,Defender,right,185.0,,,https://img.a.transfermarkt.technology/portrait/header/s_886_38_2012_1.jpg?lm=1,,,,https://www.transfermarkt.co.uk/jens-langeneke/profil/spieler/886,L1,Fortuna Düsseldorf,100000.0,800000.0
892,Heinz,Müller,Heinz Müller,2013,39,heinz-muller,Germany,Frankfurt am Main,Germany,1978-05-30 00:00:00,Goalkeeper,Goalkeeper,,,,,https://img.a.transfermarkt.technology/portrait/header/892-1571139995.jpg?lm=1,,,,https://www.transfermarkt.co.uk/heinz-muller/profil/spieler/892,L1,1.FSV Mainz 05,200000.0,2250000.0
933,Ugur,Inceman,Ugur Inceman,2015,2293,ugur-inceman,Germany,Aachen,Turkey,1981-05-25 00:00:00,Central Midfield,Midfield,right,183.0,,,https://img.a.transfermarkt.technology/portrait/header/933-1483915405.png?lm=1,,,,https://www.transfermarkt.co.uk/ugur-inceman/profil/spieler/933,TR1,Konyaspor,50000.0,3000000.0
992,Christian,Weber,Christian Weber,2012,38,christian-weber,Germany,Saarbrücken,Germany,1983-09-15 00:00:00,Right-Back,Defender,right,175.0,,,https://img.a.transfermarkt.technology/portrait/header/992-1406701002.jpg?lm=1,,,,https://www.transfermarkt.co.uk/christian-weber/profil/spieler/992,L1,Fortuna Düsseldorf,50000.0,1500000.0
1073,Manuel,Friedrich,Manuel Friedrich,2013,16,manuel-friedrich,Germany,Bad Kreuznach,Germany,1979-09-13 00:00:00,Centre-Back,Defender,,,,Dr. Michael Becker,https://img.a.transfermarkt.technology/portrait/header/s_1073_15_2012_2.jpg?lm=1,,,,https://www.transfermarkt.co.uk/manuel-friedrich/profil/spieler/1073,L1,Borussia Dortmund,500000.0,5500000.0
1075,Andriy,Voronin,Andriy Voronin,2013,121,andriy-voronin,UdSSR,Odessa,Ukraine,1979-07-21 00:00:00,Second Striker,Attack,,,,Andrei Golovash,https://img.a.transfermarkt.technology/portrait/header/1075-1461328176.jpg?lm=1,,,,https://www.transfermarkt.co.uk/andriy-voronin/profil/spieler/1075,RU1,FK Dinamo Moskva,500000.0,8000000.0
1083,Julian,de Guzmán,Julian de Guzmán,2013,128,julian-de-guzman,Canada,"Toronto, Ontario",Canada,1981-03-25 00:00:00,Defensive Midfield,Midfield,,,,,https://img.a.transfermarkt.technology/portrait/header/s_1083_109_2013_06_10_1.jpg?lm=1,,,,https://www.transfermarkt.co.uk/julian-de-guzman/profil/spieler/1083,GR1,AO Xanthi,250000.0,5000000.0
1094,Emanuel,Pogatetz,Emanuel Pogatetz,2013,4,emanuel-pogatetz,Austria,Graz,Austria,1983-01-16 00:00:00,Centre-Back,Defender,left,191.0,,Stars & Friends,https://img.a.transfermarkt.technology/portrait/header/1094-1500910107.jpg?lm=1,,,,https://www.transfermarkt.co.uk/emanuel-pogatetz/profil/spieler/1094,L1,1.FC Nuremberg,200000.0,6000000.0
1095,Peer,Kluge,Peer Kluge,2013,44,peer-kluge,East Germany (GDR),Frankenberg,Germany,1980-11-22 00:00:00,Defensive Midfield,Midfield,,,,Neubauer 13 GmbH,https://img.a.transfermarkt.technology/portrait/header/1095-1438096004.jpg?lm=1,,,,https://www.transfermarkt.co.uk/peer-kluge/profil/spieler/1095,L1,Hertha BSC,125000.0,4000000.0
1116,Thomas,Kleine,Thomas Kleine,2012,65,thomas-kleine,Germany,Wermelskirchen,Germany,1977-12-28 00:00:00,Centre-Back,Defender,right,191.0,,,https://img.a.transfermarkt.technology/portrait/header/s_1116_65_2013_07_16_1.jpg?lm=1,,,,https://www.transfermarkt.co.uk/thomas-kleine/profil/spieler/1116,L1,SpVgg Greuther Fürth,250000.0,2000000.0
1122,Sven,Neuhaus,Sven Neuhaus,2013,41,sven-neuhaus,Germany,Essen,Germany,1978-04-04 00:00:00,Goalkeeper,Goalkeeper,,,,Soccer-Concept AG,https://img.a.transfermarkt.technology/portrait/header/s_1122_41_2012_2.jpg?lm=1,,,,https://www.transfermarkt.co.uk/sven-neuhaus/profil/spieler/1122,L1,Hamburger SV,200000.0,900000.0
1126,Matthias,Lehmann,Matthias Lehmann,2017,3,matthias-lehmann,Germany,Ulm,Germany,1983-05-28 00:00:00,Defensive Midfield,Midfield,,,,Sports360 GmbH,https://img.a.transfermarkt.technology/portrait/header/1126-1531736056.jpg?lm=1,,,,https://www.transfermarkt.co.uk/matthias-lehmann/profil/spieler/1126,L1,1.FC Köln,250000.0,2500000.0
1139,Nikolce,Noveski,Nikolce Noveski,2014,39,nikolce-noveski,Jugoslawien (SFR),Bitola,North Macedonia,1979-04-28 00:00:00,Centre-Back,Defender,,,,,https://img.a.transfermarkt.technology/portrait/header/1139-1406741263.jpg?lm=1,,,,https://www.transfermarkt.co.uk/nikolce-noveski/profil/spieler/1139,L1,1.FSV Mainz 05,500000.0,3000000.0
1144,Christofer,Heimeroth,Christofer Heimeroth,2017,18,christofer-heimeroth,Germany,Unna,Germany,1981-08-01 00:00:00,Goalkeeper,Goalkeeper,right,194.0,,,https://img.a.transfermarkt.technology/portrait/header/1144-1501486049.jpg?lm=1,,,,https://www.transfermarkt.co.uk/christofer-heimeroth/profil/spieler/1144,L1,Borussia Mönchengladbach,100000.0,1300000.0
1150,Raphael,Schäfer,Raphael Schäfer,2013,4,raphael-schafer,Poland,Kędzierzyn-Koźle,Germany,1979-01-30 00:00:00,Goalkeeper,Goalkeeper,,,,,https://img.a.transfermarkt.technology/portrait/header/1150-1470048142.jpg?lm=1,,,,https://www.transfermarkt.co.uk/raphael-schafer/profil/spieler/1150,L1,1.FC Nuremberg,200000.0,5000000.0
1161,Javier,Zanetti,Javier Zanetti,2013,46,javier-zanetti,Argentina,Dock Sud,Argentina,1973-08-10 00:00:00,Right-Back,Defender,right,178.0,,,https://img.a.transfermarkt.technology/portrait/header/1161-1463994546.jpg?lm=1,,,,https://www.transfermarkt.co.uk/javier-zanetti/profil/spieler/1161,IT1,Inter Milan,1000000.0,11000000.0
1197,Peter,Graulund,Peter Graulund,2012,678,peter-graulund,Denmark,Brørup,Denmark,1976-09-20 00:00:00,Centre-Forward,Attack,,,,Nicolai Mallet,https://img.a.transfermarkt.technology/portrait/header/1197-1490864673.jpg?lm=1,,,,https://www.transfermarkt.co.uk/peter-graulund/profil/spieler/1197,DK1,Aarhus GF,250000.0,1100000.0
1257,Michael,Ratajczak,Michael Ratajczak,2019,127,michael-ratajczak,Germany,Herne,Germany,1982-04-16 00:00:00,Goalkeeper,Goalkeeper,right,188.0,,,https://img.a.transfermarkt.technology/portrait/header/1257-1531727028.jpg?lm=1,,,,https://www.transfermarkt.co.uk/michael-ratajczak/profil/spieler/1257,L1,SC Paderborn 07,50000.0,1000000.0
1277,Clemens,Fritz,Clemens Fritz,2016,86,clemens-fritz,East Germany (GDR),Erfurt,Germany,1980-12-07 00:00:00,Right-Back,Defender,right,183.0,,,https://img.a.transfermarkt.technology/portrait/header/1277-1470745177.jpg?lm=1,,,,https://www.transfermarkt.co.uk/clemens-fritz/profil/spieler/1277,L1,SV Werder Bremen,750000.0,7000000.0
1321,Jermaine,Jones,Jermaine Jones,2013,114,jermaine-jones,Germany,Frankfurt am Main,United States,1981-11-03 00:00:00,Defensive Midfield,Midfield,both,184.0,,,https://img.a.transfermarkt.technology/portrait/header/1321-1587709287.jpg?lm=1,,,,https://www.transfermarkt.co.uk/jermaine-jones/profil/spieler/1321,TR1,Beşiktaş Jimnastik Kulübü,600000.0,8000000.0
1323,Martin,Amedick,Martin Amedick,2012,24,martin-amedick,Germany,Paderborn,Germany,1982-09-06 00:00:00,Centre-Back,Defender,,,,,https://img.a.transfermarkt.technology/portrait/header/1323-1544181603.jpg?lm=1,,,,https://www.transfermarkt.co.uk/martin-amedick/profil/spieler/1323,L1,Eintracht Frankfurt,300000.0,2750000.0
1327,Alou,Diarra,Alou Diarra,2016,1159,alou-diarra,France,Villepinte,France,1981-07-15 00:00:00,Defensive Midfield,Midfield,right,189.0,,,https://img.a.transfermarkt.technology/portrait/header/s_1327_379_2013_09_26_1.jpg?lm=1,,,,https://www.transfermarkt.co.uk/alou-diarra/profil/spieler/1327,FR1,AS Nancy-Lorraine,250000.0,14500000.0
1331,Kevin,Kuranyi,Kevin Kuranyi,2015,533,kevin-kuranyi,Brazil,Rio de Janeiro,Germany,1982-03-02 00:00:00,Centre-Forward,Attack,,,,,https://img.a.transfermarkt.technology/portrait/header/1331-1438252638.jpg?lm=1,,,,https://www.transfermarkt.co.uk/kevin-kuranyi/profil/spieler/1331,L1,TSG 1899 Hoffenheim,1250000.0,12000000.0
1335,Steven,Cherundolo,Steven Cherundolo,2013,42,steven-cherundolo,United States,"Rockford, Illinois",United States,1979-02-19 00:00:00,Right-Back,Defender,right,172.0,,ARP Sportmarketing,https://img.a.transfermarkt.technology/portrait/header/1335-1493297939.jpg?lm=1,,,,https://www.transfermarkt.co.uk/steven-cherundolo/profil/spieler/1335,L1,Hannover 96,750000.0,4000000.0
1363,Christian,Wetklo,Christian Wetklo,2015,33,christian-wetklo,Germany,Marl,Germany,1980-01-11 00:00:00,Goalkeeper,Goalkeeper,right,190.0,,extratime GmbH,https://img.a.transfermarkt.technology/portrait/header/s_1363_39_2013_07_09_1.jpg?lm=1,,,,https://www.transfermarkt.co.uk/christian-wetklo/profil/spieler/1363,L1,FC Schalke 04,50000.0,1000000.0
1368,Guy,Demel,Guy Demel,2015,1519,guy-demel,France,Orsay,Cote d'Ivoire,1981-06-13 00:00:00,Right-Back,Defender,,,,FAME US Sport Agency,https://img.a.transfermarkt.technology/portrait/header/s_1368_41_2010_1.jpg?lm=1,,,,https://www.transfermarkt.co.uk/guy-demel/profil/spieler/1368,SC1,Dundee United FC,150000.0,6000000.0
1381,Maik,Franz,Maik Franz,2013,44,maik-franz,East Germany (GDR),Merseburg,Germany,1981-08-05 00:00:00,Centre-Back,Defender,,,,Neubauer 13 GmbH,https://img.a.transfermarkt.technology/portrait/header/1381-1594636816.jpg?lm=1,,,,https://www.transfermarkt.co.uk/maik-franz/profil/spieler/1381,L1,Hertha BSC,300000.0,3500000.0
1397,Michael,Owen,Michael Owen,2012,512,michael-owen,England,Chester,England,1979-12-14 00:00:00,Centre-Forward,Attack,both,173.0,,,https://img.a.transfermarkt.technology/portrait/header/1397-1476361136.jpg?lm=1,,,,https://www.transfermarkt.co.uk/michael-owen/profil/spieler/1397,GB1,Stoke City,1000000.0,30000000.0
1423,Lars,Jacobsen,Lars Jacobsen,2015,855,lars-jacobsen,Denmark,Odense,Denmark,1979-09-20 00:00:00,Right-Back,Defender,both,181.0,,NSG ApS,https://img.a.transfermarkt.technology/portrait/header/s_1423_190_2013_10_24_1.jpg?lm=1,,,,https://www.transfermarkt.co.uk/lars-jacobsen/profil/spieler/1423,FR1,EA Guingamp,500000.0,2500000.0
1426,,Cacau,Cacau,2013,79,cacau,Brazil,Santo André,Germany,1981-03-27 00:00:00,Centre-Forward,Attack,right,179.0,,NESS & Network,https://img.a.transfermarkt.technology/portrait/header/1426-1461328101.jpg?lm=1,,,,https://www.transfermarkt.co.uk/cacau/profil/spieler/1426,L1,VfB Stuttgart,350000.0,8000000.0
1428,Mike,Hanke,Mike Hanke,2013,60,mike-hanke,Germany,Hamm,Germany,1983-11-05 00:00:00,Centre-Forward,Attack,right,185.0,,,https://img.a.transfermarkt.technology/portrait/header/1428-1461328392.jpg?lm=1,,,,https://www.transfermarkt.co.uk/mike-hanke/profil/spieler/1428,L1,SC Freiburg,1000000.0,5000000.0
1443,Christian,Poulsen,Christian Poulsen,2014,190,christian-poulsen,Denmark,Asnæs,Denmark,1980-02-28 00:00:00,Defensive Midfield,Midfield,right,181.0,,,https://img.a.transfermarkt.technology/portrait/header/s_1443_610_2012_1.jpg?lm=1,,,,https://www.transfermarkt.co.uk/christian-poulsen/profil/spieler/1443,DK1,FC Copenhagen,400000.0,12000000.0
1474,Tim,Wiese,Tim Wiese,2013,533,tim-wiese,Germany,Bergisch Gladbach,Germany,1981-12-17 00:00:00,Goalkeeper,Goalkeeper,,,,,https://img.a.transfermarkt.technology/portrait/header/1474-1588081882.jpg?lm=1,,,,https://www.transfermarkt.co.uk/tim-wiese/profil/spieler/1474,L1,TSG 1899 Hoffenheim,500000.0,10000000.0
1496,Heiko,Butscher,Heiko Butscher,2012,24,heiko-butscher,Germany,Leutkirch im Allgäu,Germany,1980-07-28 00:00:00,Centre-Back,Defender,both,189.0,,,https://img.a.transfermarkt.technology/portrait/header/1496-1416604271.jpg?lm=1,,,,https://www.transfermarkt.co.uk/heiko-butscher/profil/spieler/1496,L1,Eintracht Frankfurt,200000.0,2250000.0
1532,Wesley,Sonck,Wesley Sonck,2012,28643,wesley-sonck,Belgium,Ninove,Belgium,1978-08-09 00:00:00,,Missing,right,174.0,,,https://img.a.transfermarkt.technology/portrait/header/s_1532_515_2013_10_10_1.jpg?lm=1,,,,https://www.transfermarkt.co.uk/wesley-sonck/profil/spieler/1532,BE1,SK Beveren,200000.0,8000000.0
1560,Youssef,El Akchaoui,Youssef El Akchaoui,2012,306,youssef-el-akchaoui,Netherlands,Dordrecht,Morocco,1981-02-18 00:00:00,Left-Back,Defender,,,,,https://img.a.transfermarkt.technology/portrait/header/1560-1649145914.jpg?lm=1,,,,https://www.transfermarkt.co.uk/youssef-el-akchaoui/profil/spieler/1560,NL1,SC Heerenveen,350000.0,1750000.0
1565,Alexander,Meier,Alexander Meier,2017,24,alexander-meier,Germany,Buchholz in der Nordheide,Germany,1983-01-17 00:00:00,Second Striker,Attack,right,196.0,,,https://img.a.transfermarkt.technology/portrait/header/1565-1502271996.jpg?lm=1,,,,https://www.transfermarkt.co.uk/alexander-meier/profil/spieler/1565,L1,Eintracht Frankfurt,300000.0,4500000.0
1568,Stefan,Reisinger,Stefan Reisinger,2012,38,stefan-reisinger,Germany,Landshut,Germany,1981-09-14 00:00:00,Centre-Forward,Attack,right,185.0,,,https://img.a.transfermarkt.technology/portrait/header/s_1568_38_2012_2.jpg?lm=1,,,,https://www.transfermarkt.co.uk/stefan-reisinger/profil/spieler/1568,L1,Fortuna Düsseldorf,500000.0,1500000.0
1572,Andreas,Wolf,Andreas Wolf,2013,162,andreas-wolf,UdSSR,Leninabad,Germany,1982-06-12 00:00:00,Centre-Back,Defender,right,182.0,,,https://img.a.transfermarkt.technology/portrait/header/1572-1686839710.jpg?lm=1,,,,https://www.transfermarkt.co.uk/andreas-wolf/profil/spieler/1572,FR1,AS Monaco,500000.0,5000000.0
1573,Thomas,Hitzlsperger,Thomas Hitzlsperger,2012,29,thomas-hitzlsperger,Germany,München,Germany,1982-04-05 00:00:00,Central Midfield,Midfield,,,,,https://img.a.transfermarkt.technology/portrait/header/W_b_s_1573_79_2009_1.jpg?lm=1,,,,https://www.transfermarkt.co.uk/thomas-hitzlsperger/profil/spieler/1573,GB1,Everton FC,1000000.0,9000000.0
1586,Christian,Schulz,Christian Schulz,2015,42,christian-schulz,Germany,Bassum,Germany,1983-04-01 00:00:00,Centre-Back,Defender,left,185.0,,ARP Sportmarketing,https://img.a.transfermarkt.technology/portrait/header/1586-1603735799.JPG?lm=1,,,,https://www.transfermarkt.co.uk/christian-schulz/profil/spieler/1586,L1,Hannover 96,100000.0,4500000.0
1587,Mario,Eggimann,Mario Eggimann,2012,42,mario-eggimann,Switzerland,Brugg,Switzerland,,Centre-Back,Defender,right,190.0,,,https://img.a.transfermarkt.technology/portrait/header/1587-1406722979.jpg?lm=1,,,,https://www.transfermarkt.co.uk/mario-eggimann/profil/spieler/1587,L1,Hannover 96,400000.0,3000000.0
1606,Morten,Rasmussen,Morten Rasmussen,2012,2414,morten-rasmussen,Denmark,Hvidovre,Denmark,1985-03-26 00:00:00,Centre-Back,Defender,right,188.0,,,https://img.a.transfermarkt.technology/portrait/header/default.jpg?lm=1,,,,https://www.transfermarkt.co.uk/morten-rasmussen/profil/spieler/1606,DK1,AC Horsens,50000.0,600000.0
1613,,Vivian,Vivian,2013,855,vivian,Brazil,Caçapava do Sul,Brazil,1982-04-05 00:00:00,Centre-Back,Defender,,,,,https://img.a.transfermarkt.technology/portrait/header/1613-1637152000.png?lm=1,,,,https://www.transfermarkt.co.uk/vivian/profil/spieler/1613,FR1,EA Guingamp,100000.0,1500000.0
1659,Dennis,Kruppke,Dennis Kruppke,2013,23,dennis-kruppke,Germany,Münster,Germany,1980-04-01 00:00:00,Second Striker,Attack,both,179.0,,,https://img.a.transfermarkt.technology/portrait/header/1659-1406658733.jpg?lm=1,,,,https://www.transfermarkt.co.uk/dennis-kruppke/profil/spieler/1659,L1,Eintracht Braunschweig,400000.0,750000.0
1662,Sascha,Riether,Sascha Riether,2018,33,sascha-riether,Germany,Lahr,Germany,1983-03-23 00:00:00,Right-Back,Defender,,,,Sports360 GmbH,https://img.a.transfermarkt.technology/portrait/header/1662-1531813388.jpg?lm=1,,,,https://www.transfermarkt.co.uk/sascha-riether/profil/spieler/1662,L1,FC Schalke 04,300000.0,6000000.0
1667,Diego,Benaglio,Diego Benaglio,2019,162,diego-benaglio,Switzerland,Zürich,Switzerland,1983-09-08 00:00:00,Goalkeeper,Goalkeeper,right,194.0,,KBM,https://img.a.transfermarkt.technology/portrait/header/1667-1438072284.jpg?lm=1,,,,https://www.transfermarkt.co.uk/diego-benaglio/profil/spieler/1667,FR1,AS Monaco,250000.0,11500000.0
1684,Milorad,Pekovic,Milorad Pekovic,2012,65,milorad-pekovic,Jugoslawien (SFR),Nikšić,Montenegro,1977-08-05 00:00:00,Defensive Midfield,Midfield,left,189.0,,,https://img.a.transfermarkt.technology/portrait/header/1684-1544006404.jpg?lm=1,,,,https://www.transfermarkt.co.uk/milorad-pekovic/profil/spieler/1684,L1,SpVgg Greuther Fürth,150000.0,1500000.0
1716,David,Odonkor,David Odonkor,2012,6996,david-odonkor,Germany,Bünde,Germany,1984-02-21 00:00:00,Right Winger,Attack,right,172.0,,,https://img.a.transfermarkt.technology/portrait/header/s_1716_6996_2013_01_24_1.jpg?lm=1,,,,https://www.transfermarkt.co.uk/david-odonkor/profil/spieler/1716,UKR1,Goverla Uzhgorod (- 2016),500000.0,4500000.0
1725,Jesper,Christiansen,Jesper Christiansen,2014,173,jesper-christiansen,Denmark,Roskilde,Denmark,1978-04-24 00:00:00,Goalkeeper,Goalkeeper,left,194.0,,NSG ApS,https://img.a.transfermarkt.technology/portrait/header/default.jpg?lm=1,,,,https://www.transfermarkt.co.uk/jesper-christiansen/profil/spieler/1725,DK1,Odense Boldklub,50000.0,2000000.0
1726,Heiko,Westermann,Heiko Westermann,2016,610,heiko-westermann,Germany,Alzenau,Germany,1983-08-14 00:00:00,Centre-Back,Defender,right,190.0,,,https://img.a.transfermarkt.technology/portrait/header/1726-1447257388.jpg?lm=1,,,,https://www.transfermarkt.co.uk/heiko-westermann/profil/spieler/1726,NL1,Ajax Amsterdam,400000.0,9000000.0
1743,Patrick,Platins,Patrick Platins,2015,105,patrick-platins,Germany,Immenstadt im Allgäu,Germany,1983-04-19 00:00:00,Goalkeeper,Goalkeeper,right,190.0,,,https://img.a.transfermarkt.technology/portrait/header/1743-1438347193.jpg?lm=1,,,,https://www.transfermarkt.co.uk/patrick-platins/profil/spieler/1743,L1,SV Darmstadt 98,250000.0,500000.0
1772,Du-ri,Cha,Du-ri Cha,2012,38,du-ri-cha,Germany,Frankfurt am Main,"Korea, South",1980-07-25 00:00:00,Right-Back,Defender,right,181.0,,,https://img.a.transfermarkt.technology/portrait/header/s_1772_38_2012_2.jpg?lm=1,,,,https://www.transfermarkt.co.uk/du-ri-cha/profil/spieler/1772,L1,Fortuna Düsseldorf,825000.0,1500000.0
1784,René,Adler,René Adler,2018,39,rene-adler,East Germany (GDR),Leipzig,Germany,1985-01-15 00:00:00,Goalkeeper,Goalkeeper,,,,11WINS,https://img.a.transfermarkt.technology/portrait/header/1784-1532594587.jpg?lm=1,,,,https://www.transfermarkt.co.uk/rene-adler/profil/spieler/1784,L1,1.FSV Mainz 05,500000.0,16000000.0
1791,Halil,Altintop,Halil Altintop,2016,167,halil-altintop,Germany,Gelsenkirchen,Turkey,1982-12-08 00:00:00,Attacking Midfield,Midfield,right,185.0,,,https://img.a.transfermarkt.technology/portrait/header/1791-1471448933.jpg?lm=1,,,,https://www.transfermarkt.co.uk/halil-altintop/profil/spieler/1791,L1,FC Augsburg,200000.0,7500000.0
1792,Hamit,Altintop,Hamit Altintop,2016,105,hamit-altintop,Germany,Gelsenkirchen,Turkey,1982-12-08 00:00:00,Right Midfield,Midfield,right,183.0,,,https://img.a.transfermarkt.technology/portrait/header/1792-1500629323.jpg?lm=1,,,,https://www.transfermarkt.co.uk/hamit-altintop/profil/spieler/1792,L1,SV Darmstadt 98,300000.0,11000000.0
1841,Ali,Bilgin,Ali Bilgin,2012,10484,ali-bilgin,Germany,Essen,Turkey,1981-12-17 00:00:00,Central Midfield,Midfield,,,,,https://img.a.transfermarkt.technology/portrait/header/s_1841_75_2010_2.jpg?lm=1,,,,https://www.transfermarkt.co.uk/ali-bilgin/profil/spieler/1841,TR1,Kasimpasa,175000.0,2500000.0
1896,Ahmet,Cebe,Ahmet Cebe,2015,19771,ahmet-cebe,Germany,Krefeld,Germany,1983-05-02 00:00:00,Right-Back,Defender,right,181.0,,,https://img.a.transfermarkt.technology/portrait/header/1896-1506161242.jpg?lm=1,,,,https://www.transfermarkt.co.uk/ahmet-cebe/profil/spieler/1896,TR1,Akhisarspor,50000.0,1050000.0
1944,Deniz,Dogan,Deniz Dogan,2013,23,deniz-dogan,Germany,Lübeck,Turkey,,Centre-Back,Defender,left,181.0,,Dr. Oliver Wendt,https://img.a.transfermarkt.technology/portrait/header/1944-1406662332.jpg?lm=1,,,,https://www.transfermarkt.co.uk/deniz-dogan/profil/spieler/1944,L1,Eintracht Braunschweig,75000.0,400000.0
1986,Markus,Feulner,Markus Feulner,2016,167,markus-feulner,Germany,Scheßlitz,Germany,1982-02-12 00:00:00,Central Midfield,Midfield,right,183.0,,Robert Schneider,https://img.a.transfermarkt.technology/portrait/header/1986-1471449057.jpg?lm=1,,,,https://www.transfermarkt.co.uk/markus-feulner/profil/spieler/1986,L1,FC Augsburg,100000.0,3000000.0
2048,Philipp,Haastrup,Philipp Haastrup,2012,403,philipp-haastrup,Germany,Münster,Germany,1982-03-05 00:00:00,Centre-Back,Defender,,,,,https://img.a.transfermarkt.technology/portrait/header/s_2048_222_2013_08_26_1.jpg?lm=1,,,,https://www.transfermarkt.co.uk/philipp-haastrup/profil/spieler/2048,NL1,Willem II Tilburg,100000.0,450000.0
2050,Nelson,Valdez,Nelson Valdez,2014,24,nelson-valdez,Paraguay,Caaguazú,Paraguay,1983-11-28 00:00:00,Centre-Forward,Attack,right,179.0,,GG11 ,https://img.a.transfermarkt.technology/portrait/header/2050-1407140954.jpg?lm=1,,,,https://www.transfermarkt.co.uk/nelson-valdez/profil/spieler/2050,L1,Eintracht Frankfurt,100000.0,5000000.0
2138,Mladen,Kascelan,Mladen Kascelan,2017,40426,mladen-kascelan,Jugoslawien (SFR),Kotor,Montenegro,1983-02-13 00:00:00,Defensive Midfield,Midfield,right,178.0,2023-06-30 00:00:00,FM Sports Agency,https://img.a.transfermarkt.technology/portrait/header/2138-1589306631.png?lm=1,,,,https://www.transfermarkt.co.uk/mladen-kascelan/profil/spieler/2138,RU1,FC Tosno (-2018),25000.0,600000.0
2148,Erdal,Kilicaslan,Erdal Kilicaslan,2016,2944,erdal-kilicaslan,Germany,München,Germany,1984-08-23 00:00:00,Left Winger,Attack,,,,,https://img.a.transfermarkt.technology/portrait/header/2148-1477319690.jpg?lm=1,,,,https://www.transfermarkt.co.uk/erdal-kilicaslan/profil/spieler/2148,TR1,Ankaraspor,400000.0,1500000.0
2150,Oliver,Kirch,Oliver Kirch,2014,16,oliver-kirch,Germany,Soest,Germany,1982-08-21 00:00:00,Defensive Midfield,Midfield,right,182.0,,Dirk Hebel,https://img.a.transfermarkt.technology/portrait/header/2150-1437469739.jpg?lm=1,,,,https://www.transfermarkt.co.uk/oliver-kirch/profil/spieler/2150,L1,Borussia Dortmund,500000.0,1800000.0
2154,Patric,Klandt,Patric Klandt,2018,4,patric-klandt,Germany,Frankfurt am Main,Germany,1983-09-29 00:00:00,Goalkeeper,Goalkeeper,right,184.0,,,https://img.a.transfermarkt.technology/portrait/header/2154-1625771324.jpg?lm=1,,,,https://www.transfermarkt.co.uk/patric-klandt/profil/spieler/2154,L1,1.FC Nuremberg,50000.0,1250000.0
2201,Lukas,Kruse,Lukas Kruse,2014,127,lukas-kruse,Germany,Paderborn,Germany,1983-07-09 00:00:00,Goalkeeper,Goalkeeper,right,185.0,,Günter Kutowski,https://img.a.transfermarkt.technology/portrait/header/2201-1500035722.jpg?lm=1,,,,https://www.transfermarkt.co.uk/lukas-kruse/profil/spieler/2201,L1,SC Paderborn 07,100000.0,1000000.0
2219,Philipp,Lahm,Philipp Lahm,2016,27,philipp-lahm,Germany,München,Germany,1983-11-11 00:00:00,Right-Back,Defender,right,170.0,,acta7,https://img.a.transfermarkt.technology/portrait/header/2219-1471439838.JPG?lm=1,,,,https://www.transfermarkt.co.uk/philipp-lahm/profil/spieler/2219,L1,Bayern Munich,11000000.0,30000000.0
2233,Christian,Lell,Christian Lell,2013,3368,christian-lell,Germany,München,Germany,1984-08-29 00:00:00,Right-Back,Defender,,,,,https://img.a.transfermarkt.technology/portrait/header/s_2233_3368_2014_01_30_1.jpg?lm=1,,,,https://www.transfermarkt.co.uk/christian-lell/profil/spieler/2233,ES1,Levante UD,800000.0,4000000.0
2306,Markus,Miller,Markus Miller,2014,42,markus-miller,Germany,Lindenberg im Allgäu,Germany,1982-04-08 00:00:00,Goalkeeper,Goalkeeper,right,189.0,,ARP Sportmarketing,https://img.a.transfermarkt.technology/portrait/header/2306-1406703633.jpg?lm=1,,,,https://www.transfermarkt.co.uk/markus-miller/profil/spieler/2306,L1,Hannover 96,300000.0,3500000.0
2309,Zvjezdan,Misimovic,Zvjezdan Misimovic,2012,121,zvjezdan-misimovic,Germany,München,Bosnia-Herzegovina,1982-06-05 00:00:00,Attacking Midfield,Midfield,both,179.0,,LIAN Sports Group,https://img.a.transfermarkt.technology/portrait/header/2309-1461328638.jpg?lm=1,,,,https://www.transfermarkt.co.uk/zvjezdan-misimovic/profil/spieler/2309,RU1,FK Dinamo Moskva,700000.0,14500000.0
2334,Marcel,Ndjeng,Marcel Ndjeng,2014,44,marcel-ndjeng,Germany,Bonn,Cameroon,1982-05-06 00:00:00,Right Midfield,Midfield,right,180.0,,,https://img.a.transfermarkt.technology/portrait/header/2334-1438173952.jpg?lm=1,,,,https://www.transfermarkt.co.uk/marcel-ndjeng/profil/spieler/2334,L1,Hertha BSC,50000.0,1500000.0
2358,Patrick,Ochs,Patrick Ochs,2014,82,patrick-ochs,Germany,Frankfurt am Main,Germany,1984-05-14 00:00:00,Right-Back,Defender,right,179.0,,,https://img.a.transfermarkt.technology/portrait/header/2358-1468423877.jpg?lm=1,,,,https://www.transfermarkt.co.uk/patrick-ochs/profil/spieler/2358,L1,VfL Wolfsburg,200000.0,5000000.0
2374,Patrick,Owomoyela,Patrick Owomoyela,2012,16,patrick-owomoyela,Germany,Hamburg,Germany,1979-11-05 00:00:00,Right-Back,Defender,right,187.0,,Uwe Kathmann,https://img.a.transfermarkt.technology/portrait/header/2374-1474018576.jpg?lm=1,,,,https://www.transfermarkt.co.uk/patrick-owomoyela/profil/spieler/2374,L1,Borussia Dortmund,200000.0,5000000.0
2386,Marjan,Petkovic,Marjan Petkovic,2013,23,marjan-petkovic,Germany,Brackenheim,Germany,1979-05-22 00:00:00,Goalkeeper,Goalkeeper,right,186.0,,,https://img.a.transfermarkt.technology/portrait/header/2386-1406661943.jpg?lm=1,,,,https://www.transfermarkt.co.uk/marjan-petkovic/profil/spieler/2386,L1,Eintracht Braunschweig,200000.0,500000.0
2421,Michael,Rensing,Michael Rensing,2019,38,michael-rensing,Germany,Lingen,Germany,1984-05-14 00:00:00,Goalkeeper,Goalkeeper,right,190.0,,Sports360 GmbH,https://img.a.transfermarkt.technology/portrait/header/2421-1531731363.jpg?lm=1,,,,https://www.transfermarkt.co.uk/michael-rensing/profil/spieler/2421,L1,Fortuna Düsseldorf,300000.0,4500000.0
2453,Mahir,Saglik,Mahir Saglik,2014,127,mahir-saglik,Germany,Paderborn,Turkey,1983-01-18 00:00:00,Centre-Forward,Attack,left,178.0,,,https://img.a.transfermarkt.technology/portrait/header/2453-1626705033.jpg?lm=1,,,,https://www.transfermarkt.co.uk/mahir-saglik/profil/spieler/2453,L1,SC Paderborn 07,50000.0,1400000.0
2514,Bastian,Schweinsteiger,Bastian Schweinsteiger,2016,985,bastian-schweinsteiger,Germany,Kolbermoor,Germany,1984-08-01 00:00:00,Central Midfield,Midfield,,,,BS Family Office,https://img.a.transfermarkt.technology/portrait/header/2514-1551256967.jpg?lm=1,,,,https://www.transfermarkt.co.uk/bastian-schweinsteiger/profil/spieler/2514,GB1,Manchester United,1000000.0,40000000.0
2583,Thorsten,Stuckmann,Thorsten Stuckmann,2016,2760,thorsten-stuckmann,Germany,Gütersloh,Germany,1981-03-17 00:00:00,Goalkeeper,Goalkeeper,right,199.0,,,https://img.a.transfermarkt.technology/portrait/header/s_2583_8_2010_1.jpg?lm=1,,,,https://www.transfermarkt.co.uk/thorsten-stuckmann/profil/spieler/2583,SC1,Partick Thistle FC,100000.0,1200000.0
2587,Elyasa,Süme,Elyasa Süme,2016,524,elyasa-sume,Germany,Wesel,Turkey,1983-08-13 00:00:00,Centre-Back,Defender,,,,NG360,https://img.a.transfermarkt.technology/portrait/header/s_2587_524_2010_2.jpg?lm=1,,,,https://www.transfermarkt.co.uk/elyasa-sume/profil/spieler/2587,TR1,Gaziantepspor (- 2020),25000.0,2000000.0
2623,Piotr,Trochowski,Piotr Trochowski,2015,167,piotr-trochowski,Poland,Tczew,Germany,1984-03-22 00:00:00,Attacking Midfield,Midfield,right,169.0,,,https://img.a.transfermarkt.technology/portrait/header/2623-1482503517.jpg?lm=1,,,,https://www.transfermarkt.co.uk/piotr-trochowski/profil/spieler/2623,L1,FC Augsburg,750000.0,10000000.0
2703,Morten,Skoubo,Morten Skoubo,2013,173,morten-skoubo,Denmark,Holstebro,Denmark,1980-06-30 00:00:00,Centre-Forward,Attack,,,,,https://img.a.transfermarkt.technology/portrait/header/s_2703_173_2013_10_01_1.jpg?lm=1,,,,https://www.transfermarkt.co.uk/morten-skoubo/profil/spieler/2703,DK1,Odense Boldklub,300000.0,2500000.0
2712,Nando,Rafael,Nando Rafael,2012,38,nando-rafael,Angola,Luanda,Angola,1984-01-10 00:00:00,Centre-Forward,Attack,both,180.0,,,https://img.a.transfermarkt.technology/portrait/header/2712-1438178524.jpg?lm=1,,,,https://www.transfermarkt.co.uk/nando-rafael/profil/spieler/2712,L1,Fortuna Düsseldorf,250000.0,2000000.0
2726,Romuald,Peiser,Romuald Peiser,2013,2990,romuald-peiser,France,Phalsbourg,France,1979-08-03 00:00:00,Goalkeeper,Goalkeeper,right,187.0,,,https://img.a.transfermarkt.technology/portrait/header/2726-1524315582.JPG?lm=1,,,,https://www.transfermarkt.co.uk/romuald-peiser/profil/spieler/2726,PO1,Académica Coimbra,75000.0,1600000.0
2767,Alexander,Madlung,Alexander Madlung,2014,24,alexander-madlung,Germany,Braunschweig,Germany,1982-07-11 00:00:00,Centre-Back,Defender,,,,Uwe Kathmann,https://img.a.transfermarkt.technology/portrait/header/2767-1469108439.jpg?lm=1,,,,https://www.transfermarkt.co.uk/alexander-madlung/profil/spieler/2767,L1,Eintracht Frankfurt,250000.0,4500000.0
2805,Christian,Pander,Christian Pander,2014,42,christian-pander,Germany,Münster,Germany,1983-08-28 00:00:00,Left-Back,Defender,,,,,https://img.a.transfermarkt.technology/portrait/header/2805-1406703815.jpg?lm=1,,,,https://www.transfermarkt.co.uk/christian-pander/profil/spieler/2805,L1,Hannover 96,250000.0,6500000.0
2857,Eldin,Jakupovic,Eldin Jakupovic,2022,29,eldin-jakupovic,Jugoslawien (SFR),Kozarac,Switzerland,1984-10-02 00:00:00,Goalkeeper,Goalkeeper,right,191.0,2023-12-31 00:00:00,,https://img.a.transfermarkt.technology/portrait/header/2857-1678026401.jpg?lm=1,,,,https://www.transfermarkt.co.uk/eldin-jakupovic/profil/spieler/2857,GB1,Everton FC,100000.0,1500000.0
2865,Stephan,Lichtsteiner,Stephan Lichtsteiner,2019,167,stephan-lichtsteiner,Switzerland,Adligenswil,Switzerland,1984-01-16 00:00:00,Right-Back,Defender,right,182.0,,,https://img.a.transfermarkt.technology/portrait/header/2865-1410245791.jpg?lm=1,,,,https://www.transfermarkt.co.uk/stephan-lichtsteiner/profil/spieler/2865,L1,FC Augsburg,800000.0,17000000.0
2874,Mladen,Petric,Mladen Petric,2015,265,mladen-petric,Jugoslawien (SFR),Dubrave,Croatia,1981-01-01 00:00:00,Centre-Forward,Attack,,,,Sports360 GmbH,https://img.a.transfermarkt.technology/portrait/header/2874-1594303618.jpg?lm=1,,,,https://www.transfermarkt.co.uk/mladen-petric/profil/spieler/2874,GR1,Panathinaikos Athlitikos Omilos,600000.0,11000000.0
2878,Yassin,Mikari,Yassin Mikari,2012,750,yassin-mikari,Switzerland,Zürich,Tunisia,1983-01-09 00:00:00,Left-Back,Defender,left,172.0,,Rhein AG,https://img.a.transfermarkt.technology/portrait/header/s_2878_750_2012_1.jpg?lm=1,,,,https://www.transfermarkt.co.uk/yassin-mikari/profil/spieler/2878,FR1,FC Sochaux-Montbéliard,150000.0,2800000.0
2899,Hervé,Tum,Hervé Tum,2012,2292,herve-tum,Cameroon,Douala,Cameroon,1979-02-15 00:00:00,Centre-Forward,Attack,right,184.0,,,https://img.a.transfermarkt.technology/portrait/header/2899-1592177597.jpeg?lm=1,,,,https://www.transfermarkt.co.uk/herve-tum/profil/spieler/2899,TR1,Elazigspor,250000.0,2600000.0
2904,Rafa,Márquez,Rafa Márquez,2015,276,rafa-marquez,Mexico,Zamora de Hidalgo,Mexico,1979-02-13 00:00:00,Centre-Back,Defender,right,184.0,,Gestifute,https://img.a.transfermarkt.technology/portrait/header/2904-1449060939.jpg?lm=1,,,,https://www.transfermarkt.co.uk/rafa-marquez/profil/spieler/2904,IT1,Hellas Verona,800000.0,16000000.0
2923,Andreas,Ivanschitz,Andreas Ivanschitz,2014,3368,andreas-ivanschitz,Austria,Eisenstadt,Austria,1983-10-15 00:00:00,Attacking Midfield,Midfield,left,183.0,,,https://img.a.transfermarkt.technology/portrait/header/2923-1627808989.jpg?lm=1,,,,https://www.transfermarkt.co.uk/andreas-ivanschitz/profil/spieler/2923,ES1,Levante UD,200000.0,5500000.0
2926,György,Garics,György Garics,2015,105,gyorgy-garics,Hungary,Szombathely,Austria,1984-03-08 00:00:00,Right-Back,Defender,,,,,https://img.a.transfermarkt.technology/portrait/header/2926-1464944981.jpg?lm=1,,,,https://www.transfermarkt.co.uk/gyorgy-garics/profil/spieler/2926,L1,SV Darmstadt 98,100000.0,3000000.0
2950,Robert,Almer,Robert Almer,2014,42,robert-almer,Austria,Bruck/Mur,Austria,,Goalkeeper,Goalkeeper,left,194.0,,,https://img.a.transfermarkt.technology/portrait/header/2950-1500975551.jpg?lm=1,,,,https://www.transfermarkt.co.uk/robert-almer/profil/spieler/2950,L1,Hannover 96,250000.0,1000000.0
2953,Paul,Scharner,Paul Scharner,2012,41,paul-scharner,Austria,Scheibbs,Austria,1980-03-11 00:00:00,Defensive Midfield,Midfield,right,191.0,,,https://img.a.transfermarkt.technology/portrait/header/2953-1548432499.jpg?lm=1,,,,https://www.transfermarkt.co.uk/paul-scharner/profil/spieler/2953,L1,Hamburger SV,1500000.0,5000000.0
2956,Roland,Linz,Roland Linz,2013,68608,roland-linz,Austria,Leoben,Austria,1981-08-09 00:00:00,Centre-Forward,Attack,,,,,https://img.a.transfermarkt.technology/portrait/header/s_2956_14_2012_1.jpg?lm=1,,,,https://www.transfermarkt.co.uk/roland-linz/profil/spieler/2956,PO1,CF Os Belenenses,500000.0,5700000.0
2963,Martín,Demichelis,Martín Demichelis,2016,714,martin-demichelis,Argentina,Justiniano Posse,Argentina,1980-12-20 00:00:00,Centre-Back,Defender,right,184.0,,Jorge Cyterszpiler,https://img.a.transfermarkt.technology/portrait/header/2963-1461254471.jpg?lm=1,,,,https://www.transfermarkt.co.uk/martin-demichelis/profil/spieler/2963,ES1,RCD Espanyol Barcelona,200000.0,16000000.0
2989,Paolo,Guerrero,Paolo Guerrero,2025,184,paolo-guerrero,Peru,Lima,Peru,1984-01-01 00:00:00,Centre-Forward,Attack,right,185.0,2026-12-31 00:00:00,Prattes Group,https://img.a.transfermarkt.technology/portrait/header/2989-1776886584.jpg?lm=1,129.0,41.0,3584.0,https://www.transfermarkt.co.uk/paolo-guerrero/profil/spieler/2989,,,50000.0,8000000.0
2998,Robert,Huth,Robert Huth,2017,1003,robert-huth,East Germany (GDR),Berlin,Germany,1984-08-18 00:00:00,Centre-Back,Defender,,,,Christian Nilles,https://img.a.transfermarkt.technology/portrait/header/2998-1463997450.jpg?lm=1,,,,https://www.transfermarkt.co.uk/robert-huth/profil/spieler/2998,GB1,Leicester City,2500000.0,8900000.0
2999,Chris,Iwelumo,Chris Iwelumo,2013,2578,chris-iwelumo,Scotland,Coatbridge,Scotland,1978-08-01 00:00:00,Centre-Forward,Attack,,,,,https://img.a.transfermarkt.technology/portrait/header/default.jpg?lm=1,,,,https://www.transfermarkt.co.uk/chris-iwelumo/profil/spieler/2999,SC1,St. Johnstone FC,250000.0,2500000.0
3059,Ekrem,Dag,Ekrem Dag,2013,524,ekrem-dag,Turkey,Mardin,Austria,1980-12-05 00:00:00,Right-Back,Defender,both,176.0,,Alpaslan Kayabunar,https://img.a.transfermarkt.technology/portrait/header/s_3059_114_2011_1.jpg?lm=1,,,,https://www.transfermarkt.co.uk/ekrem-dag/profil/spieler/3059,TR1,Gaziantepspor (- 2020),100000.0,4000000.0
3098,Olof,Mellberg,Olof Mellberg,2014,190,olof-mellberg,Sweden,Gullspång,Sweden,1977-09-03 00:00:00,Centre-Back,Defender,right,187.0,,ManMark S.A.,https://img.a.transfermarkt.technology/portrait/header/s_3098_190_2013_10_07_1.jpg?lm=1,,,,https://www.transfermarkt.co.uk/olof-mellberg/profil/spieler/3098,DK1,FC Copenhagen,300000.0,9000000.0
3109,Steven,Gerrard,Steven Gerrard,2014,31,steven-gerrard,England,Whiston,England,1980-05-30 00:00:00,Central Midfield,Midfield,right,183.0,,Wasserman,https://img.a.transfermarkt.technology/portrait/header/3109-1464112254.jpg?lm=1,,,,https://www.transfermarkt.co.uk/steven-gerrard/profil/spieler/3109,GB1,Liverpool FC,1750000.0,50000000.0
3114,Jan,Schlaudraff,Jan Schlaudraff,2014,42,jan-schlaudraff,Germany,Waldbröl,Germany,1983-07-18 00:00:00,Second Striker,Attack,right,180.0,,Christian Nilles,https://img.a.transfermarkt.technology/portrait/header/3114-1406703917.jpg?lm=1,,,,https://www.transfermarkt.co.uk/jan-schlaudraff/profil/spieler/3114,L1,Hannover 96,750000.0,4500000.0
3115,David,Bellion,David Bellion,2013,40,david-bellion,France,Sèvres,France,1982-11-27 00:00:00,Centre-Forward,Attack,right,181.0,,,https://img.a.transfermarkt.technology/portrait/header/s_3115_40_2012_2.jpg?lm=1,,,,https://www.transfermarkt.co.uk/david-bellion/profil/spieler/3115,FR1,FC Girondins Bordeaux,250000.0,7000000.0
3118,Kieron,Dyer,Kieron Dyer,2012,1039,kieron-dyer,England,Ipswich,England,1978-12-29 00:00:00,Right Midfield,Midfield,right,170.0,,CAA Stellar,https://img.a.transfermarkt.technology/portrait/header/s_3118_379_2009_1.jpg?lm=1,,,,https://www.transfermarkt.co.uk/kieron-dyer/profil/spieler/3118,GB1,Queens Park Rangers,500000.0,16000000.0
3120,Richard,Wright,Richard Wright,2015,281,richard-wright,England,Ipswich,England,1977-11-05 00:00:00,Goalkeeper,Goalkeeper,right,190.0,,CAA Stellar,https://img.a.transfermarkt.technology/portrait/header/s_3120_281_2013_03_06_1.jpg?lm=1,,,,https://www.transfermarkt.co.uk/richard-wright/profil/spieler/3120,GB1,Manchester City,250000.0,5750000.0
3130,Titus,Bramble,Titus Bramble,2012,289,titus-bramble,England,Ipswich,England,1981-07-31 00:00:00,Centre-Back,Defender,right,192.0,,,https://img.a.transfermarkt.technology/portrait/header/s_3130_1071_2009_1.jpg?lm=1,,,,https://www.transfermarkt.co.uk/titus-bramble/profil/spieler/3130,GB1,Sunderland AFC,2000000.0,5500000.0
3131,Kevin,Phillips,Kevin Phillips,2013,873,kevin-phillips,England,Hitchin,England,1973-07-25 00:00:00,Centre-Forward,Attack,right,170.0,,,https://img.a.transfermarkt.technology/portrait/header/3131-1589199777.jpg?lm=1,,,,https://www.transfermarkt.co.uk/kevin-phillips/profil/spieler/3131,GB1,Crystal Palace,250000.0,7500000.0
3132,Florin,Cernat,Florin Cernat,2013,126,florin-cernat,Romania,Galaţi,Romania,1980-03-10 00:00:00,Attacking Midfield,Midfield,left,168.0,,,https://img.a.transfermarkt.technology/portrait/header/s_3132_126_2013_09_13_1.jpg?lm=1,,,,https://www.transfermarkt.co.uk/florin-cernat/profil/spieler/3132,TR1,Caykur Rizespor,100000.0,2800000.0
3139,David,Beckham,David Beckham,2012,583,david-beckham,England,London,England,1975-05-02 00:00:00,Right Midfield,Midfield,right,182.0,,CAA Sports,https://img.a.transfermarkt.technology/portrait/header/3139-1459504284.jpg?lm=1,,,,https://www.transfermarkt.co.uk/david-beckham/profil/spieler/3139,FR1,Paris Saint-Germain,1000000.0,40000000.0
3146,Shay,Given,Shay Given,2016,512,shay-given,Ireland,Lifford,Ireland,1976-04-20 00:00:00,Goalkeeper,Goalkeeper,right,185.0,,CAA Stellar,https://img.a.transfermarkt.technology/portrait/header/3146-1410949943.jpg?lm=1,,,,https://www.transfermarkt.co.uk/shay-given/profil/spieler/3146,GB1,Stoke City,250000.0,10000000.0
3151,Carlo,Cudicini,Carlo Cudicini,2012,148,carlo-cudicini,Italy,Milano,Italy,1973-09-06 00:00:00,Goalkeeper,Goalkeeper,right,184.0,,,https://img.a.transfermarkt.technology/portrait/header/s_3151_148_2009_1.jpg?lm=1,,,,https://www.transfermarkt.co.uk/carlo-cudicini/profil/spieler/3151,GB1,Tottenham Hotspur,500000.0,4000000.0
3156,William,Gallas,William Gallas,2012,148,william-gallas,France,Asnières-sur-Seine,France,1977-08-17 00:00:00,Centre-Back,Defender,right,182.0,,,https://img.a.transfermarkt.technology/portrait/header/3156-1598621730.jpg?lm=1,,,,https://www.transfermarkt.co.uk/william-gallas/profil/spieler/3156,GB1,Tottenham Hotspur,500000.0,19000000.0
3159,Valerio,Di Cesare,Valerio Di Cesare,2018,130,valerio-di-cesare,Italy,Roma,Italy,1983-05-23 00:00:00,Centre-Back,Defender,right,187.0,2024-06-30 00:00:00,MM-Management,https://img.a.transfermarkt.technology/portrait/header/3159-1647294099.jpg?lm=1,,,,https://www.transfermarkt.co.uk/valerio-di-cesare/profil/spieler/3159,IT1,Parma Calcio 1913,200000.0,650000.0
3160,John,Terry,John Terry,2016,631,john-terry,England,Barking,England,1980-12-07 00:00:00,Centre-Back,Defender,right,187.0,,,https://img.a.transfermarkt.technology/portrait/header/3160-1462887884.jpg?lm=1,,,,https://www.transfermarkt.co.uk/john-terry/profil/spieler/3160,GB1,Chelsea FC,1000000.0,35000000.0
3163,Frank,Lampard,Frank Lampard,2014,281,frank-lampard,England,London,England,1978-06-20 00:00:00,Central Midfield,Midfield,right,184.0,,,https://img.a.transfermarkt.technology/portrait/header/3163-1674475335.jpg?lm=1,,,,https://www.transfermarkt.co.uk/frank-lampard/profil/spieler/3163,GB1,Manchester City,1000000.0,45000000.0
3165,,Cris,Cris,2012,141,cris,Brazil,Guarulhos,Brazil,1977-06-03 00:00:00,Centre-Back,Defender,right,183.0,,Rafaela Pimenta,https://img.a.transfermarkt.technology/portrait/header/s_3165_978_2012_1.jpg?lm=1,,,,https://www.transfermarkt.co.uk/cris/profil/spieler/3165,TR1,Galatasaray,250000.0,15000000.0
3170,Simon,Cziommer,Simon Cziommer,2014,1304,simon-cziommer,Germany,Nordhorn,Germany,1980-11-06 00:00:00,Central Midfield,Midfield,,,,,https://img.a.transfermarkt.technology/portrait/header/3170-1441793502.jpg?lm=1,,,,https://www.transfermarkt.co.uk/simon-cziommer/profil/spieler/3170,NL1,Heracles Almelo,400000.0,3200000.0
3172,Quique,de Lucas,Quique de Lucas,2012,940,quique-de-lucas,Spain,L'Hospitalet de Llobregat,Spain,1978-08-17 00:00:00,Attacking Midfield,Midfield,right,175.0,,,https://img.a.transfermarkt.technology/portrait/header/3172-1568104853.jpg?lm=1,,,,https://www.transfermarkt.co.uk/quique-de-lucas/profil/spieler/3172,ES1,Celta de Vigo,100000.0,4000000.0
3176,Eidur,Gudjohnsen,Eidur Gudjohnsen,2013,2282,eidur-gudjohnsen,Iceland,Reykjavík,Iceland,1978-09-15 00:00:00,Centre-Forward,Attack,right,185.0,,Total Football,https://img.a.transfermarkt.technology/portrait/header/3176-1462872872.jpg?lm=1,,,,https://www.transfermarkt.co.uk/eidur-gudjohnsen/profil/spieler/3176,BE1,Club Brugge KV,200000.0,12000000.0
3179,Carlton,Cole,Carlton Cole,2015,371,carlton-cole,England,London,England,1983-10-12 00:00:00,Centre-Forward,Attack,right,191.0,,,https://img.a.transfermarkt.technology/portrait/header/s_3179_379_2014_01_15_1.jpg?lm=1,,,,https://www.transfermarkt.co.uk/carlton-cole/profil/spieler/3179,SC1,Celtic FC,500000.0,9000000.0
3182,Ashley,Cole,Ashley Cole,2015,12,ashley-cole,England,London,England,1980-12-20 00:00:00,Left-Back,Defender,left,176.0,,CAA Stellar,https://img.a.transfermarkt.technology/portrait/header/3182-1683297696.jpg?lm=1,,,,https://www.transfermarkt.co.uk/ashley-cole/profil/spieler/3182,IT1,Associazione Sportiva Roma,500000.0,27000000.0
3190,Stuart,Taylor,Stuart Taylor,2017,180,stuart-taylor,England,Romford,England,1980-11-28 00:00:00,Goalkeeper,Goalkeeper,right,198.0,,,https://img.a.transfermarkt.technology/portrait/header/s_3190_281_2009_1.jpg?lm=1,,,,https://www.transfermarkt.co.uk/stuart-taylor/profil/spieler/3190,GB1,Southampton FC,250000.0,1500000.0
3195,Jermaine,Pennant,Jermaine Pennant,2013,512,jermaine-pennant,England,Nottingham,England,1983-01-15 00:00:00,Right Winger,Attack,right,173.0,,Andrew Sky,https://img.a.transfermarkt.technology/portrait/header/s_3195_512_2013_03_08_1.jpg?lm=1,,,,https://www.transfermarkt.co.uk/jermaine-pennant/profil/spieler/3195,GB1,Stoke City,500000.0,10500000.0
3201,Stathis,Tavlaridis,Stathis Tavlaridis,2015,265,stathis-tavlaridis,Greece,Serres,Greece,1980-01-25 00:00:00,Centre-Back,Defender,right,186.0,,,https://img.a.transfermarkt.technology/portrait/header/default.jpg?lm=1,,,,https://www.transfermarkt.co.uk/stathis-tavlaridis/profil/spieler/3201,GR1,Panathinaikos Athlitikos Omilos,150000.0,5000000.0
3202,Kolo,Touré,Kolo Touré,2016,371,kolo-toure,Cote d'Ivoire,Bouaké,Cote d'Ivoire,1981-03-19 00:00:00,Centre-Back,Defender,right,178.0,,,https://img.a.transfermarkt.technology/portrait/header/3202-1459258220.jpg?lm=1,,,,https://www.transfermarkt.co.uk/kolo-toure/profil/spieler/3202,SC1,Celtic FC,1750000.0,22000000.0
3205,David,Bentley,David Bentley,2012,1083,david-bentley,England,Peterborough,England,1984-08-27 00:00:00,Right Midfield,Midfield,right,178.0,,SEM Group plc.,https://img.a.transfermarkt.technology/portrait/header/3205-1598621595.jpg?lm=1,,,,https://www.transfermarkt.co.uk/david-bentley/profil/spieler/3205,RU1,FK Rostov,3000000.0,17000000.0
3216,Milan,Baros,Milan Baros,2013,589,milan-baros,CSSR,Valašské Meziříčí,Czech Republic,1981-10-28 00:00:00,Centre-Forward,Attack,right,183.0,,,https://img.a.transfermarkt.technology/portrait/header/3216-1578925365.jpg?lm=1,,,,https://www.transfermarkt.co.uk/milan-baros/profil/spieler/3216,TR1,Antalyaspor,250000.0,17500000.0
3220,John Arne,Riise,John Arne Riise,2013,931,john-arne-riise,Norway,Ålesund,Norway,1980-09-24 00:00:00,Left-Back,Defender,left,185.0,,,https://img.a.transfermarkt.technology/portrait/header/3220-1465813573.jpg?lm=1,,,,https://www.transfermarkt.co.uk/john-arne-riise/profil/spieler/3220,GB1,Fulham FC,700000.0,15000000.0
3226,Nicolas,Anelka,Nicolas Anelka,2013,984,nicolas-anelka,France,Le Chesnay,France,1979-03-14 00:00:00,Centre-Forward,Attack,right,186.0,,,https://img.a.transfermarkt.technology/portrait/header/3226-1683728957.jpg?lm=1,,,,https://www.transfermarkt.co.uk/nicolas-anelka/profil/spieler/3226,GB1,West Bromwich Albion,1000000.0,30000000.0
3233,,Chris,Chris,2012,533,chris,Brazil,Blumenau,Brazil,1978-08-25 00:00:00,Centre-Back,Defender,,,,,https://img.a.transfermarkt.technology/portrait/header/s_3233_533_2012_1.jpg?lm=1,,,,https://www.transfermarkt.co.uk/chris/profil/spieler/3233,L1,TSG 1899 Hoffenheim,300000.0,3500000.0
3235,Rio,Ferdinand,Rio Ferdinand,2014,1039,rio-ferdinand,England,London,England,1978-11-07 00:00:00,Centre-Back,Defender,right,189.0,,,https://img.a.transfermarkt.technology/portrait/header/3235-1592469934.jpg?lm=1,,,,https://www.transfermarkt.co.uk/rio-ferdinand/profil/spieler/3235,GB1,Queens Park Rangers,1000000.0,35000000.0
3251,Stephen,Hughes,Stephen Hughes,2012,370,stephen-hughes,Scotland,Motherwell,Scotland,1982-11-14 00:00:00,Central Midfield,Midfield,right,180.0,,,https://img.a.transfermarkt.technology/portrait/header/default.jpg?lm=1,,,,https://www.transfermarkt.co.uk/stephen-hughes/profil/spieler/3251,SC1,Aberdeen FC,275000.0,5000000.0
3256,Roberto,Hilbert,Roberto Hilbert,2016,15,roberto-hilbert,Germany,Forchheim,Germany,1984-10-16 00:00:00,Right-Back,Defender,right,182.0,,,https://img.a.transfermarkt.technology/portrait/header/3256-1531469210.jpg?lm=1,,,,https://www.transfermarkt.co.uk/roberto-hilbert/profil/spieler/3256,L1,Bayer 04 Leverkusen,100000.0,5000000.0
3259,Damien,Duff,Damien Duff,2013,931,damien-duff,Ireland,Ballyboden,Ireland,1979-03-02 00:00:00,Right Midfield,Midfield,left,177.0,,,https://img.a.transfermarkt.technology/portrait/header/3259-1410962728.jpg?lm=1,,,,https://www.transfermarkt.co.uk/damien-duff/profil/spieler/3259,GB1,Fulham FC,600000.0,17000000.0
3266,Jérémie,Aliadière,Jérémie Aliadière,2016,1158,jeremie-aliadiere,France,Rambouillet,France,1983-03-30 00:00:00,Centre-Forward,Attack,right,183.0,,Mick Oliver,https://img.a.transfermarkt.technology/portrait/header/s_3266_1158_2012_2.jpg?lm=1,,,,https://www.transfermarkt.co.uk/jeremie-aliadiere/profil/spieler/3266,FR1,FC Lorient,500000.0,4500000.0
3269,Calvin,Zola,Calvin Zola,2013,370,calvin-zola,Zaire,Kinshasa,DR Congo,1984-12-31 00:00:00,Centre-Forward,Attack,right,191.0,,,https://img.a.transfermarkt.technology/portrait/header/default.jpg?lm=1,,,,https://www.transfermarkt.co.uk/calvin-zola/profil/spieler/3269,SC1,Aberdeen FC,300000.0,500000.0
3270,Joseph,Yobo,Joseph Yobo,2013,1123,joseph-yobo,Nigeria,Kono,Nigeria,1980-09-06 00:00:00,Centre-Back,Defender,right,188.0,,,https://img.a.transfermarkt.technology/portrait/header/3270-1404201553.jpg?lm=1,,,,https://www.transfermarkt.co.uk/joseph-yobo/profil/spieler/3270,GB1,Norwich City,750000.0,11500000.0
3271,Luke,Young,Luke Young,2012,1039,luke-young,England,Harlow,England,1979-07-19 00:00:00,Right-Back,Defender,right,183.0,,,https://img.a.transfermarkt.technology/portrait/header/s_3271_405_2009_1.jpg?lm=1,,,,https://www.transfermarkt.co.uk/luke-young/profil/spieler/3271,GB1,Queens Park Rangers,500000.0,7000000.0
3273,Matthew,Upson,Matthew Upson,2014,1003,matthew-upson,England,Hartismere,England,1979-04-18 00:00:00,Centre-Back,Defender,left,185.0,,,https://img.a.transfermarkt.technology/portrait/header/s_3273_379_2009_1.jpg?lm=1,,,,https://www.transfermarkt.co.uk/matthew-upson/profil/spieler/3273,GB1,Leicester City,250000.0,9000000.0
3276,Shola,Ameobi,Shola Ameobi,2014,873,shola-ameobi,Nigeria,Zaria,Nigeria,1981-10-12 00:00:00,Centre-Forward,Attack,right,191.0,,,https://img.a.transfermarkt.technology/portrait/header/s_3276_762_2013_08_07_1.jpg?lm=1,,,,https://www.transfermarkt.co.uk/shola-ameobi/profil/spieler/3276,GB1,Crystal Palace,500000.0,6500000.0
3287,Steve,Banks,Steve Banks,2014,2578,steve-banks,England,London,England,1972-02-09 00:00:00,Goalkeeper,Goalkeeper,right,180.0,,,https://img.a.transfermarkt.technology/portrait/header/default.jpg?lm=1,,,,https://www.transfermarkt.co.uk/steve-banks/profil/spieler/3287,SC1,St. Johnstone FC,50000.0,400000.0
3291,Gareth,Barry,Gareth Barry,2017,984,gareth-barry,England,Hastings,England,1981-02-23 00:00:00,Defensive Midfield,Midfield,left,184.0,,ppsports,https://img.a.transfermarkt.technology/portrait/header/3291-1481886107.jpg?lm=1,,,,https://www.transfermarkt.co.uk/gareth-barry/profil/spieler/3291,GB1,West Bromwich Albion,325000.0,18500000.0
3292,Joey,Barton,Joey Barton,2016,1132,joey-barton,England,Huyton,England,1982-09-02 00:00:00,Central Midfield,Midfield,right,180.0,,Willie McKay,https://img.a.transfermarkt.technology/portrait/header/3292-1484730366.jpg?lm=1,,,,https://www.transfermarkt.co.uk/joey-barton/profil/spieler/3292,GB1,Burnley FC,1000000.0,8600000.0
3296,Paul,Konchesky,Paul Konchesky,2015,1003,paul-konchesky,England,London,England,1981-05-15 00:00:00,Left-Back,Defender,left,178.0,,CAA Base Ltd,https://img.a.transfermarkt.technology/portrait/header/3296-1406794775.jpg?lm=1,,,,https://www.transfermarkt.co.uk/paul-konchesky/profil/spieler/3296,GB1,Leicester City,250000.0,9500000.0
3297,Craig,Bellamy,Craig Bellamy,2013,603,craig-bellamy,Wales,Cardiff,Wales,1979-07-13 00:00:00,Left Winger,Attack,right,173.0,,,https://img.a.transfermarkt.technology/portrait/header/3297-1481635425.jpg?lm=1,,,,https://www.transfermarkt.co.uk/craig-bellamy/profil/spieler/3297,GB1,Cardiff City,1000000.0,13000000.0
3306,Jonathan,Walters,Jonathan Walters,2018,1132,jonathan-walters,England,Moreton,Ireland,1983-09-20 00:00:00,Right Winger,Attack,right,183.0,,,https://img.a.transfermarkt.technology/portrait/header/3306-1459258135.jpg?lm=1,,,,https://www.transfermarkt.co.uk/jonathan-walters/profil/spieler/3306,GB1,Burnley FC,1500000.0,5500000.0
3310,Nicky,Weaver,Nicky Weaver,2013,370,nicky-weaver,England,Sheffield,England,1979-03-02 00:00:00,Goalkeeper,Goalkeeper,right,191.0,,,https://img.a.transfermarkt.technology/portrait/header/default.jpg?lm=1,,,,https://www.transfermarkt.co.uk/nicky-weaver/profil/spieler/3310,SC1,Aberdeen FC,250000.0,2000000.0
3321,Luke,Wilkshire,Luke Wilkshire,2016,3725,luke-wilkshire,Australia,Wollongong,Australia,1981-10-02 00:00:00,Right-Back,Defender,right,176.0,,,https://img.a.transfermarkt.technology/portrait/header/3321-1489581306.jpg?lm=1,,,,https://www.transfermarkt.co.uk/luke-wilkshire/profil/spieler/3321,RU1,RFK Akhmat Grozny,100000.0,5000000.0
3322,Ben,Williams,Ben Williams,2013,903,ben-williams,England,Manchester,England,1982-08-27 00:00:00,Goalkeeper,Goalkeeper,left,188.0,,,https://img.a.transfermarkt.technology/portrait/header/s_3322_903_2013_08_08_1.jpg?lm=1,,,,https://www.transfermarkt.co.uk/ben-williams/profil/spieler/3322,SC1,Hibernian FC,100000.0,500000.0
3332,Wayne,Rooney,Wayne Rooney,2017,985,wayne-rooney,England,Liverpool,England,1985-10-24 00:00:00,Centre-Forward,Attack,right,176.0,,Triple S Sports,https://img.a.transfermarkt.technology/portrait/header/3332-1551295290.jpg?lm=1,,,,https://www.transfermarkt.co.uk/wayne-rooney/profil/spieler/3332,GB1,Manchester United,2000000.0,65000000.0
3333,James,Milner,James Milner,2025,1237,james-milner,England,Leeds,England,1986-01-04 00:00:00,Central Midfield,Midfield,right,175.0,,,https://img.a.transfermarkt.technology/portrait/header/3333-1662621121.jpg?lm=1,61.0,1.0,,https://www.transfermarkt.co.uk/james-milner/profil/spieler/3333,GB1,Brighton & Hove Albion,500000.0,21000000.0
3354,Jonathan,Blondel,Jonathan Blondel,2014,2282,jonathan-blondel,Belgium,Ieper,Belgium,1984-04-03 00:00:00,Defensive Midfield,Midfield,left,173.0,,,https://img.a.transfermarkt.technology/portrait/header/s_3354_2282_2012_1.jpg?lm=1,,,,https://www.transfermarkt.co.uk/jonathan-blondel/profil/spieler/3354,BE1,Club Brugge KV,500000.0,3500000.0
3356,Sylvain,Distin,Sylvain Distin,2015,989,sylvain-distin,France,Bagnolet,France,1977-12-16 00:00:00,Centre-Back,Defender,left,192.0,,CAA Stellar,https://img.a.transfermarkt.technology/portrait/header/s_3356_29_2013_10_18_1.jpg?lm=1,,,,https://www.transfermarkt.co.uk/sylvain-distin/profil/spieler/3356,GB1,AFC Bournemouth,750000.0,9000000.0
3357,Mark,Schwarzer,Mark Schwarzer,2015,1003,mark-schwarzer,Australia,Sydney,Australia,1972-10-06 00:00:00,Goalkeeper,Goalkeeper,,,,,https://img.a.transfermarkt.technology/portrait/header/3357-1461241916.jpg?lm=1,,,,https://www.transfermarkt.co.uk/mark-schwarzer/profil/spieler/3357,GB1,Leicester City,500000.0,5000000.0
3366,,Kaká,Kaká,2013,5,kaka,Brazil,Gama,Brazil,1982-04-22 00:00:00,Attacking Midfield,Midfield,both,186.0,,,https://img.a.transfermarkt.technology/portrait/header/3366-1683638749.jpg?lm=1,,,,https://www.transfermarkt.co.uk/kaka/profil/spieler/3366,IT1,AC Milan,1000000.0,70000000.0
3391,Markus,Neumayr,Markus Neumayr,2017,10484,markus-neumayr,Germany,Hösbach,Germany,1986-03-26 00:00:00,Attacking Midfield,Midfield,right,181.0,,,https://img.a.transfermarkt.technology/portrait/header/3391-1563701033.jpg?lm=1,,,,https://www.transfermarkt.co.uk/markus-neumayr/profil/spieler/3391,TR1,Kasimpasa,200000.0,1000000.0
3395,Gábor,Babos,Gábor Babos,2014,132,gabor-babos,Hungary,Sopron,Hungary,1974-10-24 00:00:00,Goalkeeper,Goalkeeper,right,196.0,,,https://img.a.transfermarkt.technology/portrait/header/3395-1418935118.jpg?lm=1,,,,https://www.transfermarkt.co.uk/gabor-babos/profil/spieler/3395,NL1,NAC Breda,50000.0,2800000.0
3397,Paul,Scholes,Paul Scholes,2012,985,paul-scholes,England,Salford,England,1974-11-16 00:00:00,Central Midfield,Midfield,right,168.0,,,https://img.a.transfermarkt.technology/portrait/header/3397-1595498527.jpg?lm=1,,,,https://www.transfermarkt.co.uk/paul-scholes/profil/spieler/3397,GB1,Manchester United,1000000.0,25000000.0
3404,Phil,Neville,Phil Neville,2012,29,phil-neville,England,Bury,England,1977-01-21 00:00:00,Right-Back,Defender,right,180.0,,,https://img.a.transfermarkt.technology/portrait/header/3404-1411478348.jpg?lm=1,,,,https://www.transfermarkt.co.uk/phil-neville/profil/spieler/3404,GB1,Everton FC,1000000.0,6000000.0
3405,Wes,Brown,Wes Brown,2015,289,wes-brown,England,Manchester,England,1979-10-13 00:00:00,Centre-Back,Defender,right,184.0,,,https://img.a.transfermarkt.technology/portrait/header/s_3405_985_2009_1.jpg?lm=1,,,,https://www.transfermarkt.co.uk/wes-brown/profil/spieler/3405,GB1,Sunderland AFC,500000.0,9000000.0
3406,Ryan,Giggs,Ryan Giggs,2013,985,ryan-giggs,Wales,Cardiff,Wales,1973-11-29 00:00:00,Left Midfield,Midfield,left,179.0,,,https://img.a.transfermarkt.technology/portrait/header/3406-1589198838.jpg?lm=1,,,,https://www.transfermarkt.co.uk/ryan-giggs/profil/spieler/3406,GB1,Manchester United,1000000.0,25000000.0
